hero_id,hero_name,threshold,games,accuracy
0,Abaddon,+5,124,0.5645
0,Abaddon,+6,62,0.6129
0,Abaddon,+7,24,0.6250
0,Abaddon,+8,16,0.6875
0,Abaddon,+9,5,0.4000
0,Abaddon,+10,1,1.0000
0,Abaddon,-5,726,0.4518
0,Abaddon,-6,433,0.4503
0,Abaddon,-7,245,0.4245
0,Abaddon,-8,122,0.4098
0,Abaddon,-9,56,0.4107
0,Abaddon,-10,27,0.4444
1,Alchemist,+5,53,0.5849
1,Alchemist,+6,13,0.5385
1,Alchemist,+7,3,0.6667
1,Alchemist,+8,0,0.0000
1,Alchemist,+9,0,0.0000
1,Alchemist,+10,0,0.0000
1,Alchemist,-5,24,0.3333
1,Alchemist,-6,4,0.2500
1,Alchemist,-7,0,0.0000
1,Alchemist,-8,0,0.0000
1,Alchemist,-9,0,0.0000
1,Alchemist,-10,0,0.0000
2,Ancient Apparition,+5,312,0.5609
2,Ancient Apparition,+6,181,0.5580
2,Ancient Apparition,+7,120,0.6250
2,Ancient Apparition,+8,69,0.6377
2,Ancient Apparition,+9,44,0.5909
2,Ancient Apparition,+10,28,0.6786
2,Ancient Apparition,-5,121,0.4793
2,Ancient Apparition,-6,42,0.5476
2,Ancient Apparition,-7,11,0.5455
2,Ancient Apparition,-8,3,0.3333
2,Ancient Apparition,-9,1,0.0000
2,Ancient Apparition,-10,0,0.0000
3,Anti Mage,+5,943,0.5037
3,Anti Mage,+6,755,0.5126
3,Anti Mage,+7,625,0.5168
3,Anti Mage,+8,527,0.5389
3,Anti Mage,+9,433,0.5358
3,Anti Mage,+10,352,0.5398
3,Anti Mage,-5,468,0.4487
3,Anti Mage,-6,302,0.4470
3,Anti Mage,-7,186,0.4839
3,Anti Mage,-8,123,0.4472
3,Anti Mage,-9,73,0.4658
3,Anti Mage,-10,46,0.4565
4,Arc Warden,+5,25,0.6000
4,Arc Warden,+6,10,0.7000
4,Arc Warden,+7,4,1.0000
4,Arc Warden,+8,1,1.0000
4,Arc Warden,+9,0,0.0000
4,Arc Warden,+10,0,0.0000
4,Arc Warden,-5,215,0.3860
4,Arc Warden,-6,154,0.3896
4,Arc Warden,-7,107,0.3271
4,Arc Warden,-8,76,0.3158
4,Arc Warden,-9,58,0.3103
4,Arc Warden,-10,48,0.2917
5,Axe,+5,605,0.4926
5,Axe,+6,324,0.5062
5,Axe,+7,152,0.4934
5,Axe,+8,62,0.4839
5,Axe,+9,22,0.4091
5,Axe,+10,10,0.7000
5,Axe,-5,351,0.4501
5,Axe,-6,166,0.4157
5,Axe,-7,65,0.4000
5,Axe,-8,28,0.4286
5,Axe,-9,11,0.2727
5,Axe,-10,3,0.3333
6,Bane,+5,197,0.6396
6,Bane,+6,59,0.6610
6,Bane,+7,13,0.5385
6,Bane,+8,3,0.0000
6,Bane,+9,0,0.0000
6,Bane,+10,0,0.0000
6,Bane,-5,515,0.4835
6,Bane,-6,336,0.4792
6,Bane,-7,211,0.4645
6,Bane,-8,129,0.4419
6,Bane,-9,76,0.3947
6,Bane,-10,47,0.3404
7,Batrider,+5,1227,0.5444
7,Batrider,+6,613,0.5237
7,Batrider,+7,293,0.5734
7,Batrider,+8,115,0.5826
7,Batrider,+9,38,0.5263
7,Batrider,+10,11,0.5455
7,Batrider,-5,25,0.4000
7,Batrider,-6,3,0.3333
7,Batrider,-7,0,0.0000
7,Batrider,-8,0,0.0000
7,Batrider,-9,0,0.0000
7,Batrider,-10,0,0.0000
8,Beastmaster,+5,1347,0.5813
8,Beastmaster,+6,812,0.5998
8,Beastmaster,+7,472,0.6017
8,Beastmaster,+8,249,0.6145
8,Beastmaster,+9,128,0.5859
8,Beastmaster,+10,47,0.6383
8,Beastmaster,-5,915,0.4689
8,Beastmaster,-6,571,0.4536
8,Beastmaster,-7,365,0.4603
8,Beastmaster,-8,204,0.4363
8,Beastmaster,-9,116,0.3707
8,Beastmaster,-10,59,0.3729
9,Bloodseeker,+5,1428,0.5105
9,Bloodseeker,+6,986,0.5061
9,Bloodseeker,+7,649,0.5131
9,Bloodseeker,+8,363,0.5207
9,Bloodseeker,+9,189,0.4815
9,Bloodseeker,+10,96,0.5000
9,Bloodseeker,-5,744,0.4866
9,Bloodseeker,-6,570,0.4930
9,Bloodseeker,-7,428,0.4977
9,Bloodseeker,-8,326,0.5092
9,Bloodseeker,-9,247,0.5466
9,Bloodseeker,-10,193,0.5233
10,Bounty Hunter,+5,38,0.6316
10,Bounty Hunter,+6,4,0.5000
10,Bounty Hunter,+7,0,0.0000
10,Bounty Hunter,+8,0,0.0000
10,Bounty Hunter,+9,0,0.0000
10,Bounty Hunter,+10,0,0.0000
10,Bounty Hunter,-5,101,0.4356
10,Bounty Hunter,-6,50,0.4000
10,Bounty Hunter,-7,28,0.3214
10,Bounty Hunter,-8,14,0.3571
10,Bounty Hunter,-9,5,0.4000
10,Bounty Hunter,-10,0,0.0000
11,Brewmaster,+5,418,0.5478
11,Brewmaster,+6,236,0.5466
11,Brewmaster,+7,123,0.5610
11,Brewmaster,+8,52,0.5000
11,Brewmaster,+9,24,0.4167
11,Brewmaster,+10,13,0.5385
11,Brewmaster,-5,665,0.4872
11,Brewmaster,-6,535,0.4841
11,Brewmaster,-7,396,0.4621
11,Brewmaster,-8,296,0.4662
11,Brewmaster,-9,221,0.4434
11,Brewmaster,-10,165,0.4242
12,Bristleback,+5,1371,0.5164
12,Bristleback,+6,891,0.5118
12,Bristleback,+7,508,0.4744
12,Bristleback,+8,270,0.4556
12,Bristleback,+9,119,0.4790
12,Bristleback,+10,54,0.4630
12,Bristleback,-5,94,0.3830
12,Bristleback,-6,50,0.3200
12,Bristleback,-7,27,0.2963
12,Bristleback,-8,12,0.5833
12,Bristleback,-9,6,1.0000
12,Bristleback,-10,4,1.0000
13,Broodmother,+5,192,0.5781
13,Broodmother,+6,110,0.6364
13,Broodmother,+7,72,0.5833
13,Broodmother,+8,37,0.5946
13,Broodmother,+9,25,0.6400
13,Broodmother,+10,12,0.5833
13,Broodmother,-5,1337,0.5333
13,Broodmother,-6,1074,0.5372
13,Broodmother,-7,861,0.5168
13,Broodmother,-8,695,0.5180
13,Broodmother,-9,538,0.5074
13,Broodmother,-10,415,0.5036
14,Centaur Warrunner,+5,303,0.5248
14,Centaur Warrunner,+6,180,0.5833
14,Centaur Warrunner,+7,103,0.5437
14,Centaur Warrunner,+8,49,0.6531
14,Centaur Warrunner,+9,19,0.5263
14,Centaur Warrunner,+10,9,0.5556
14,Centaur Warrunner,-5,531,0.4821
14,Centaur Warrunner,-6,217,0.4931
14,Centaur Warrunner,-7,63,0.4921
14,Centaur Warrunner,-8,24,0.5417
14,Centaur Warrunner,-9,7,0.8571
14,Centaur Warrunner,-10,0,0.0000
15,Chaos Knight,+5,823,0.4666
15,Chaos Knight,+6,621,0.4783
15,Chaos Knight,+7,475,0.4695
15,Chaos Knight,+8,365,0.4712
15,Chaos Knight,+9,288,0.4688
15,Chaos Knight,+10,216,0.4398
15,Chaos Knight,-5,1654,0.4794
15,Chaos Knight,-6,1155,0.4710
15,Chaos Knight,-7,814,0.4717
15,Chaos Knight,-8,525,0.4476
15,Chaos Knight,-9,352,0.4261
15,Chaos Knight,-10,222,0.4279
16,Chen,+5,1188,0.5976
16,Chen,+6,1034,0.5938
16,Chen,+7,901,0.5805
16,Chen,+8,779,0.5751
16,Chen,+9,662,0.5650
16,Chen,+10,565,0.5717
16,Chen,-5,353,0.5326
16,Chen,-6,240,0.5458
16,Chen,-7,164,0.5061
16,Chen,-8,109,0.4495
16,Chen,-9,63,0.4444
16,Chen,-10,39,0.3590
17,Clinkz,+5,202,0.5495
17,Clinkz,+6,125,0.5520
17,Clinkz,+7,81,0.5432
17,Clinkz,+8,49,0.5714
17,Clinkz,+9,20,0.6500
17,Clinkz,+10,10,0.5000
17,Clinkz,-5,189,0.4497
17,Clinkz,-6,113,0.4602
17,Clinkz,-7,47,0.4681
17,Clinkz,-8,17,0.5294
17,Clinkz,-9,6,0.5000
17,Clinkz,-10,5,0.4000
18,Clockwerk,+5,174,0.6379
18,Clockwerk,+6,51,0.7059
18,Clockwerk,+7,15,0.7333
18,Clockwerk,+8,4,0.7500
18,Clockwerk,+9,1,1.0000
18,Clockwerk,+10,0,0.0000
18,Clockwerk,-5,594,0.4781
18,Clockwerk,-6,241,0.4896
18,Clockwerk,-7,85,0.5412
18,Clockwerk,-8,28,0.5714
18,Clockwerk,-9,2,1.0000
18,Clockwerk,-10,0,0.0000
19,Crystal Maiden,+5,1263,0.5012
19,Crystal Maiden,+6,683,0.4993
19,Crystal Maiden,+7,326,0.4877
19,Crystal Maiden,+8,151,0.4702
19,Crystal Maiden,+9,80,0.4250
19,Crystal Maiden,+10,32,0.3750
19,Crystal Maiden,-5,61,0.5410
19,Crystal Maiden,-6,16,0.6875
19,Crystal Maiden,-7,2,0.5000
19,Crystal Maiden,-8,0,0.0000
19,Crystal Maiden,-9,0,0.0000
19,Crystal Maiden,-10,0,0.0000
20,Dark Seer,+5,1279,0.5426
20,Dark Seer,+6,1049,0.5367
20,Dark Seer,+7,816,0.5355
20,Dark Seer,+8,642,0.5467
20,Dark Seer,+9,489,0.5603
20,Dark Seer,+10,359,0.5627
20,Dark Seer,-5,604,0.4818
20,Dark Seer,-6,400,0.4700
20,Dark Seer,-7,248,0.4516
20,Dark Seer,-8,139,0.4101
20,Dark Seer,-9,70,0.3714
20,Dark Seer,-10,32,0.3438
21,Dark Willow,+5,625,0.4816
21,Dark Willow,+6,270,0.4593
21,Dark Willow,+7,94,0.4574
21,Dark Willow,+8,25,0.5600
21,Dark Willow,+9,8,0.3750
21,Dark Willow,+10,0,0.0000
21,Dark Willow,-5,7,0.4286
21,Dark Willow,-6,0,0.0000
21,Dark Willow,-7,0,0.0000
21,Dark Willow,-8,0,0.0000
21,Dark Willow,-9,0,0.0000
21,Dark Willow,-10,0,0.0000
22,Dawnbreaker,+5,164,0.5122
22,Dawnbreaker,+6,62,0.5323
22,Dawnbreaker,+7,34,0.5882
22,Dawnbreaker,+8,12,0.7500
22,Dawnbreaker,+9,0,0.0000
22,Dawnbreaker,+10,0,0.0000
22,Dawnbreaker,-5,1006,0.4732
22,Dawnbreaker,-6,486,0.4733
22,Dawnbreaker,-7,224,0.4554
22,Dawnbreaker,-8,83,0.5301
22,Dawnbreaker,-9,26,0.5769
22,Dawnbreaker,-10,8,0.6250
23,Dazzle,+5,20,0.7500
23,Dazzle,+6,2,1.0000
23,Dazzle,+7,0,0.0000
23,Dazzle,+8,0,0.0000
23,Dazzle,+9,0,0.0000
23,Dazzle,+10,0,0.0000
23,Dazzle,-5,226,0.4823
23,Dazzle,-6,82,0.4268
23,Dazzle,-7,30,0.4000
23,Dazzle,-8,8,0.2500
23,Dazzle,-9,2,0.0000
23,Dazzle,-10,1,0.0000
24,Death Prophet,+5,550,0.5745
24,Death Prophet,+6,249,0.6185
24,Death Prophet,+7,111,0.6216
24,Death Prophet,+8,47,0.5319
24,Death Prophet,+9,14,0.7143
24,Death Prophet,+10,7,0.7143
24,Death Prophet,-5,152,0.4013
24,Death Prophet,-6,40,0.3500
24,Death Prophet,-7,16,0.4375
24,Death Prophet,-8,2,0.5000
24,Death Prophet,-9,1,1.0000
24,Death Prophet,-10,0,0.0000
25,Disruptor,+5,141,0.5319
25,Disruptor,+6,51,0.5098
25,Disruptor,+7,9,0.5556
25,Disruptor,+8,2,0.5000
25,Disruptor,+9,0,0.0000
25,Disruptor,+10,0,0.0000
25,Disruptor,-5,30,0.6000
25,Disruptor,-6,5,0.6000
25,Disruptor,-7,0,0.0000
25,Disruptor,-8,0,0.0000
25,Disruptor,-9,0,0.0000
25,Disruptor,-10,0,0.0000
26,Doom,+5,2992,0.5057
26,Doom,+6,1775,0.5059
26,Doom,+7,993,0.5005
26,Doom,+8,507,0.4734
26,Doom,+9,255,0.4667
26,Doom,+10,119,0.4706
26,Doom,-5,0,0.0000
26,Doom,-6,0,0.0000
26,Doom,-7,0,0.0000
26,Doom,-8,0,0.0000
26,Doom,-9,0,0.0000
26,Doom,-10,0,0.0000
27,Dragon Knight,+5,664,0.4849
27,Dragon Knight,+6,437,0.4943
27,Dragon Knight,+7,271,0.4760
27,Dragon Knight,+8,164,0.4390
27,Dragon Knight,+9,107,0.4393
27,Dragon Knight,+10,59,0.4915
27,Dragon Knight,-5,814,0.4545
27,Dragon Knight,-6,407,0.4103
27,Dragon Knight,-7,165,0.4061
27,Dragon Knight,-8,71,0.4789
27,Dragon Knight,-9,27,0.5185
27,Dragon Knight,-10,7,0.7143
28,Drow Ranger,+5,177,0.5311
28,Drow Ranger,+6,64,0.5938
28,Drow Ranger,+7,19,0.6842
28,Drow Ranger,+8,6,0.6667
28,Drow Ranger,+9,1,1.0000
28,Drow Ranger,+10,0,0.0000
28,Drow Ranger,-5,162,0.4568
28,Drow Ranger,-6,63,0.4127
28,Drow Ranger,-7,26,0.3077
28,Drow Ranger,-8,11,0.4545
28,Drow Ranger,-9,6,0.3333
28,Drow Ranger,-10,1,0.0000
29,Earth Spirit,+5,39,0.3846
29,Earth Spirit,+6,10,0.3000
29,Earth Spirit,+7,2,0.0000
29,Earth Spirit,+8,0,0.0000
29,Earth Spirit,+9,0,0.0000
29,Earth Spirit,+10,0,0.0000
29,Earth Spirit,-5,35,0.4857
29,Earth Spirit,-6,13,0.3846
29,Earth Spirit,-7,0,0.0000
29,Earth Spirit,-8,0,0.0000
29,Earth Spirit,-9,0,0.0000
29,Earth Spirit,-10,0,0.0000
30,Earthshaker,+5,675,0.4489
30,Earthshaker,+6,454,0.4515
30,Earthshaker,+7,305,0.4393
30,Earthshaker,+8,207,0.4396
30,Earthshaker,+9,134,0.4478
30,Earthshaker,+10,79,0.4557
30,Earthshaker,-5,95,0.4421
30,Earthshaker,-6,21,0.3333
30,Earthshaker,-7,4,0.5000
30,Earthshaker,-8,1,1.0000
30,Earthshaker,-9,0,0.0000
30,Earthshaker,-10,0,0.0000
31,Elder Titan,+5,283,0.5265
31,Elder Titan,+6,188,0.5691
31,Elder Titan,+7,132,0.6061
31,Elder Titan,+8,79,0.6203
31,Elder Titan,+9,48,0.7083
31,Elder Titan,+10,31,0.7097
31,Elder Titan,-5,670,0.5015
31,Elder Titan,-6,562,0.4947
31,Elder Titan,-7,479,0.5094
31,Elder Titan,-8,418,0.5048
31,Elder Titan,-9,338,0.4852
31,Elder Titan,-10,282,0.4823
32,Ember Spirit,+5,1507,0.5129
32,Ember Spirit,+6,765,0.5451
32,Ember Spirit,+7,348,0.5891
32,Ember Spirit,+8,149,0.5839
32,Ember Spirit,+9,51,0.6078
32,Ember Spirit,+10,19,0.4737
32,Ember Spirit,-5,666,0.4204
32,Ember Spirit,-6,384,0.4323
32,Ember Spirit,-7,221,0.4615
32,Ember Spirit,-8,136,0.4412
32,Ember Spirit,-9,70,0.4286
32,Ember Spirit,-10,38,0.4211
33,Enchantress,+5,650,0.5215
33,Enchantress,+6,373,0.5469
33,Enchantress,+7,198,0.5253
33,Enchantress,+8,130,0.5538
33,Enchantress,+9,82,0.5122
33,Enchantress,+10,56,0.5179
33,Enchantress,-5,343,0.4898
33,Enchantress,-6,152,0.5526
33,Enchantress,-7,54,0.6481
33,Enchantress,-8,20,0.7000
33,Enchantress,-9,9,0.7778
33,Enchantress,-10,0,0.0000
34,Enigma,+5,187,0.5882
34,Enigma,+6,69,0.5507
34,Enigma,+7,23,0.4348
34,Enigma,+8,7,0.4286
34,Enigma,+9,0,0.0000
34,Enigma,+10,0,0.0000
34,Enigma,-5,497,0.5392
34,Enigma,-6,288,0.5313
34,Enigma,-7,165,0.5636
34,Enigma,-8,74,0.5946
34,Enigma,-9,38,0.6053
34,Enigma,-10,12,0.3333
35,Faceless Void,+5,645,0.5457
35,Faceless Void,+6,309,0.5663
35,Faceless Void,+7,144,0.5417
35,Faceless Void,+8,53,0.4717
35,Faceless Void,+9,21,0.5238
35,Faceless Void,+10,6,0.6667
35,Faceless Void,-5,123,0.3252
35,Faceless Void,-6,47,0.2979
35,Faceless Void,-7,18,0.2778
35,Faceless Void,-8,7,0.1429
35,Faceless Void,-9,1,0.0000
35,Faceless Void,-10,0,0.0000
36,Grimstroke,+5,321,0.5483
36,Grimstroke,+6,124,0.6290
36,Grimstroke,+7,39,0.6154
36,Grimstroke,+8,16,0.6875
36,Grimstroke,+9,4,0.7500
36,Grimstroke,+10,0,0.0000
36,Grimstroke,-5,435,0.4460
36,Grimstroke,-6,234,0.4103
36,Grimstroke,-7,146,0.3699
36,Grimstroke,-8,94,0.3617
36,Grimstroke,-9,63,0.4127
36,Grimstroke,-10,41,0.3659
37,Gyrocopter,+5,953,0.4921
37,Gyrocopter,+6,451,0.4967
37,Gyrocopter,+7,210,0.4905
37,Gyrocopter,+8,84,0.5357
37,Gyrocopter,+9,29,0.3448
37,Gyrocopter,+10,10,0.3000
37,Gyrocopter,-5,4,0.2500
37,Gyrocopter,-6,0,0.0000
37,Gyrocopter,-7,0,0.0000
37,Gyrocopter,-8,0,0.0000
37,Gyrocopter,-9,0,0.0000
37,Gyrocopter,-10,0,0.0000
38,Hoodwink,+5,121,0.5372
38,Hoodwink,+6,26,0.4231
38,Hoodwink,+7,1,0.0000
38,Hoodwink,+8,0,0.0000
38,Hoodwink,+9,0,0.0000
38,Hoodwink,+10,0,0.0000
38,Hoodwink,-5,11,0.2727
38,Hoodwink,-6,4,0.5000
38,Hoodwink,-7,0,0.0000
38,Hoodwink,-8,0,0.0000
38,Hoodwink,-9,0,0.0000
38,Hoodwink,-10,0,0.0000
39,Huskar,+5,661,0.5552
39,Huskar,+6,479,0.5470
39,Huskar,+7,328,0.5823
39,Huskar,+8,216,0.5648
39,Huskar,+9,138,0.5725
39,Huskar,+10,87,0.5862
39,Huskar,-5,393,0.4580
39,Huskar,-6,273,0.4542
39,Huskar,-7,184,0.4457
39,Huskar,-8,129,0.4729
39,Huskar,-9,87,0.4598
39,Huskar,-10,57,0.4035
40,Invoker,+5,39,0.5385
40,Invoker,+6,6,0.3333
40,Invoker,+7,0,0.0000
40,Invoker,+8,0,0.0000
40,Invoker,+9,0,0.0000
40,Invoker,+10,0,0.0000
40,Invoker,-5,292,0.4315
40,Invoker,-6,101,0.4950
40,Invoker,-7,30,0.6333
40,Invoker,-8,4,0.7500
40,Invoker,-9,0,0.0000
40,Invoker,-10,0,0.0000
41,Io,+5,104,0.4904
41,Io,+6,30,0.6333
41,Io,+7,13,0.6154
41,Io,+8,7,0.5714
41,Io,+9,0,0.0000
41,Io,+10,0,0.0000
41,Io,-5,287,0.5122
41,Io,-6,122,0.4918
41,Io,-7,41,0.5610
41,Io,-8,8,0.5000
41,Io,-9,6,0.3333
41,Io,-10,2,0.5000
42,Jakiro,+5,235,0.4511
42,Jakiro,+6,76,0.5132
42,Jakiro,+7,23,0.4783
42,Jakiro,+8,6,0.3333
42,Jakiro,+9,2,0.0000
42,Jakiro,+10,0,0.0000
42,Jakiro,-5,7,0.4286
42,Jakiro,-6,1,1.0000
42,Jakiro,-7,0,0.0000
42,Jakiro,-8,0,0.0000
42,Jakiro,-9,0,0.0000
42,Jakiro,-10,0,0.0000
43,Juggernaut,+5,418,0.5455
43,Juggernaut,+6,211,0.5687
43,Juggernaut,+7,93,0.5699
43,Juggernaut,+8,40,0.6000
43,Juggernaut,+9,17,0.7647
43,Juggernaut,+10,3,0.6667
43,Juggernaut,-5,215,0.4605
43,Juggernaut,-6,93,0.3871
43,Juggernaut,-7,32,0.3125
43,Juggernaut,-8,8,0.2500
43,Juggernaut,-9,1,0.0000
43,Juggernaut,-10,0,0.0000
44,Keeper Of The Light,+5,562,0.5374
44,Keeper Of The Light,+6,247,0.5628
44,Keeper Of The Light,+7,91,0.5824
44,Keeper Of The Light,+8,28,0.5357
44,Keeper Of The Light,+9,2,1.0000
44,Keeper Of The Light,+10,0,0.0000
44,Keeper Of The Light,-5,585,0.4581
44,Keeper Of The Light,-6,424,0.4623
44,Keeper Of The Light,-7,284,0.4894
44,Keeper Of The Light,-8,204,0.4853
44,Keeper Of The Light,-9,137,0.4745
44,Keeper Of The Light,-10,88,0.4318
45,Kez,+5,1,0.0000
45,Kez,+6,0,0.0000
45,Kez,+7,0,0.0000
45,Kez,+8,0,0.0000
45,Kez,+9,0,0.0000
45,Kez,+10,0,0.0000
45,Kez,-5,0,0.0000
45,Kez,-6,0,0.0000
45,Kez,-7,0,0.0000
45,Kez,-8,0,0.0000
45,Kez,-9,0,0.0000
45,Kez,-10,0,0.0000
46,Kunkka,+5,345,0.4928
46,Kunkka,+6,136,0.4926
46,Kunkka,+7,38,0.4474
46,Kunkka,+8,11,0.6364
46,Kunkka,+9,3,0.3333
46,Kunkka,+10,3,0.3333
46,Kunkka,-5,95,0.5053
46,Kunkka,-6,23,0.3913
46,Kunkka,-7,8,0.1250
46,Kunkka,-8,1,0.0000
46,Kunkka,-9,0,0.0000
46,Kunkka,-10,0,0.0000
47,Legion Commander,+5,353,0.5496
47,Legion Commander,+6,170,0.5706
47,Legion Commander,+7,66,0.5909
47,Legion Commander,+8,18,0.7222
47,Legion Commander,+9,6,1.0000
47,Legion Commander,+10,0,0.0000
47,Legion Commander,-5,869,0.4661
47,Legion Commander,-6,457,0.4705
47,Legion Commander,-7,229,0.4978
47,Legion Commander,-8,112,0.4911
47,Legion Commander,-9,53,0.4906
47,Legion Commander,-10,25,0.5600
48,Leshrac,+5,184,0.5543
48,Leshrac,+6,83,0.6024
48,Leshrac,+7,32,0.5938
48,Leshrac,+8,13,0.8462
48,Leshrac,+9,4,1.0000
48,Leshrac,+10,0,0.0000
48,Leshrac,-5,743,0.4913
48,Leshrac,-6,433,0.4919
48,Leshrac,-7,248,0.4839
48,Leshrac,-8,143,0.4545
48,Leshrac,-9,92,0.4565
48,Leshrac,-10,55,0.4727
49,Lich,+5,30,0.4667
49,Lich,+6,5,0.8000
49,Lich,+7,0,0.0000
49,Lich,+8,0,0.0000
49,Lich,+9,0,0.0000
49,Lich,+10,0,0.0000
49,Lich,-5,60,0.4833
49,Lich,-6,11,0.1818
49,Lich,-7,4,0.0000
49,Lich,-8,0,0.0000
49,Lich,-9,0,0.0000
49,Lich,-10,0,0.0000
50,Lifestealer,+5,499,0.5190
50,Lifestealer,+6,255,0.5373
50,Lifestealer,+7,123,0.5528
50,Lifestealer,+8,55,0.5273
50,Lifestealer,+9,26,0.4615
50,Lifestealer,+10,9,0.6667
50,Lifestealer,-5,771,0.4410
50,Lifestealer,-6,476,0.4223
50,Lifestealer,-7,260,0.3846
50,Lifestealer,-8,133,0.4436
50,Lifestealer,-9,65,0.3692
50,Lifestealer,-10,29,0.2414
51,Lina,+5,659,0.5266
51,Lina,+6,310,0.5290
51,Lina,+7,125,0.4800
51,Lina,+8,68,0.5735
51,Lina,+9,23,0.4783
51,Lina,+10,9,0.2222
51,Lina,-5,3,0.6667
51,Lina,-6,0,0.0000
51,Lina,-7,0,0.0000
51,Lina,-8,0,0.0000
51,Lina,-9,0,0.0000
51,Lina,-10,0,0.0000
52,Lion,+5,20,0.5500
52,Lion,+6,2,0.0000
52,Lion,+7,0,0.0000
52,Lion,+8,0,0.0000
52,Lion,+9,0,0.0000
52,Lion,+10,0,0.0000
52,Lion,-5,55,0.4545
52,Lion,-6,11,0.1818
52,Lion,-7,2,0.0000
52,Lion,-8,0,0.0000
52,Lion,-9,0,0.0000
52,Lion,-10,0,0.0000
53,Lone Druid,+5,100,0.5500
53,Lone Druid,+6,63,0.5397
53,Lone Druid,+7,43,0.5581
53,Lone Druid,+8,26,0.4231
53,Lone Druid,+9,15,0.4667
53,Lone Druid,+10,0,0.0000
53,Lone Druid,-5,456,0.5175
53,Lone Druid,-6,310,0.4935
53,Lone Druid,-7,195,0.4667
53,Lone Druid,-8,103,0.4078
53,Lone Druid,-9,54,0.3704
53,Lone Druid,-10,24,0.4167
54,Luna,+5,174,0.5057
54,Luna,+6,44,0.5227
54,Luna,+7,14,0.6429
54,Luna,+8,3,0.6667
54,Luna,+9,0,0.0000
54,Luna,+10,0,0.0000
54,Luna,-5,117,0.4188
54,Luna,-6,32,0.3750
54,Luna,-7,5,0.8000
54,Luna,-8,1,0.0000
54,Luna,-9,0,0.0000
54,Luna,-10,0,0.0000
55,Lycan,+5,486,0.5556
55,Lycan,+6,319,0.5674
55,Lycan,+7,201,0.5821
55,Lycan,+8,125,0.5440
55,Lycan,+9,78,0.4872
55,Lycan,+10,47,0.5745
55,Lycan,-5,699,0.5193
55,Lycan,-6,508,0.5118
55,Lycan,-7,357,0.4846
55,Lycan,-8,271,0.4723
55,Lycan,-9,207,0.4928
55,Lycan,-10,155,0.4968
56,Magnus,+5,110,0.4909
56,Magnus,+6,24,0.5417
56,Magnus,+7,3,0.3333
56,Magnus,+8,0,0.0000
56,Magnus,+9,0,0.0000
56,Magnus,+10,0,0.0000
56,Magnus,-5,70,0.5429
56,Magnus,-6,11,0.2727
56,Magnus,-7,1,1.0000
56,Magnus,-8,0,0.0000
56,Magnus,-9,0,0.0000
56,Magnus,-10,0,0.0000
57,Marci,+5,332,0.5753
57,Marci,+6,145,0.6000
57,Marci,+7,60,0.6333
57,Marci,+8,19,0.6842
57,Marci,+9,2,0.5000
57,Marci,+10,1,1.0000
57,Marci,-5,208,0.4760
57,Marci,-6,77,0.4416
57,Marci,-7,29,0.5517
57,Marci,-8,9,0.4444
57,Marci,-9,2,0.0000
57,Marci,-10,1,0.0000
58,Mars,+5,369,0.5122
58,Mars,+6,146,0.4932
58,Mars,+7,55,0.4182
58,Mars,+8,25,0.3600
58,Mars,+9,2,0.5000
58,Mars,+10,0,0.0000
58,Mars,-5,239,0.4979
58,Mars,-6,73,0.4932
58,Mars,-7,20,0.5500
58,Mars,-8,5,0.2000
58,Mars,-9,0,0.0000
58,Mars,-10,0,0.0000
59,Medusa,+5,1114,0.5736
59,Medusa,+6,811,0.5832
59,Medusa,+7,555,0.5874
59,Medusa,+8,356,0.5927
59,Medusa,+9,227,0.5903
59,Medusa,+10,128,0.5703
59,Medusa,-5,1521,0.4734
59,Medusa,-6,1180,0.4712
59,Medusa,-7,958,0.4624
59,Medusa,-8,751,0.4674
59,Medusa,-9,583,0.4751
59,Medusa,-10,459,0.4837
60,Meepo,+5,150,0.5267
60,Meepo,+6,112,0.5804
60,Meepo,+7,83,0.5663
60,Meepo,+8,54,0.6296
60,Meepo,+9,40,0.6250
60,Meepo,+10,23,0.6087
60,Meepo,-5,391,0.4348
60,Meepo,-6,324,0.4383
60,Meepo,-7,263,0.4335
60,Meepo,-8,213,0.4272
60,Meepo,-9,162,0.4383
60,Meepo,-10,119,0.4370
61,Mirana,+5,0,0.0000
61,Mirana,+6,0,0.0000
61,Mirana,+7,0,0.0000
61,Mirana,+8,0,0.0000
61,Mirana,+9,0,0.0000
61,Mirana,+10,0,0.0000
61,Mirana,-5,33,0.5152
61,Mirana,-6,7,0.2857
61,Mirana,-7,2,0.0000
61,Mirana,-8,0,0.0000
61,Mirana,-9,0,0.0000
61,Mirana,-10,0,0.0000
62,Monkey King,+5,2014,0.5278
62,Monkey King,+6,1154,0.5321
62,Monkey King,+7,601,0.5324
62,Monkey King,+8,274,0.5292
62,Monkey King,+9,124,0.4839
62,Monkey King,+10,45,0.5111
62,Monkey King,-5,63,0.3175
62,Monkey King,-6,25,0.1600
62,Monkey King,-7,8,0.0000
62,Monkey King,-8,4,0.0000
62,Monkey King,-9,1,0.0000
62,Monkey King,-10,0,0.0000
63,Morphling,+5,1526,0.5197
63,Morphling,+6,868,0.5127
63,Morphling,+7,428,0.5327
63,Morphling,+8,207,0.4831
63,Morphling,+9,91,0.4835
63,Morphling,+10,30,0.5000
63,Morphling,-5,173,0.3931
63,Morphling,-6,73,0.4384
63,Morphling,-7,27,0.2963
63,Morphling,-8,6,0.3333
63,Morphling,-9,2,0.0000
63,Morphling,-10,0,0.0000
64,Muerta,+5,593,0.5464
64,Muerta,+6,343,0.5394
64,Muerta,+7,186,0.5538
64,Muerta,+8,105,0.5429
64,Muerta,+9,46,0.4348
64,Muerta,+10,20,0.3500
64,Muerta,-5,113,0.4690
64,Muerta,-6,41,0.6585
64,Muerta,-7,11,0.6364
64,Muerta,-8,2,0.5000
64,Muerta,-9,0,0.0000
64,Muerta,-10,0,0.0000
65,Naga Siren,+5,1752,0.5263
65,Naga Siren,+6,1479,0.5287
65,Naga Siren,+7,1238,0.5331
65,Naga Siren,+8,1038,0.5308
65,Naga Siren,+9,854,0.5246
65,Naga Siren,+10,677,0.4993
65,Naga Siren,-5,298,0.5570
65,Naga Siren,-6,186,0.5753
65,Naga Siren,-7,108,0.5833
65,Naga Siren,-8,61,0.5902
65,Naga Siren,-9,35,0.6000
65,Naga Siren,-10,13,0.6154
66,Natures Prophet,+5,149,0.5772
66,Natures Prophet,+6,37,0.6486
66,Natures Prophet,+7,4,0.5000
66,Natures Prophet,+8,2,0.0000
66,Natures Prophet,+9,0,0.0000
66,Natures Prophet,+10,0,0.0000
66,Natures Prophet,-5,386,0.4870
66,Natures Prophet,-6,144,0.4514
66,Natures Prophet,-7,44,0.4091
66,Natures Prophet,-8,13,0.6154
66,Natures Prophet,-9,2,0.5000
66,Natures Prophet,-10,1,1.0000
67,Necrophos,+5,482,0.5311
67,Necrophos,+6,327,0.5382
67,Necrophos,+7,203,0.5665
67,Necrophos,+8,117,0.5556
67,Necrophos,+9,68,0.6029
67,Necrophos,+10,30,0.5667
67,Necrophos,-5,474,0.4958
67,Necrophos,-6,295,0.5017
67,Necrophos,-7,186,0.5000
67,Necrophos,-8,115,0.5130
67,Necrophos,-9,61,0.4918
67,Necrophos,-10,30,0.4667
68,Night Stalker,+5,121,0.5455
68,Night Stalker,+6,57,0.4912
68,Night Stalker,+7,22,0.4091
68,Night Stalker,+8,5,0.2000
68,Night Stalker,+9,1,0.0000
68,Night Stalker,+10,0,0.0000
68,Night Stalker,-5,919,0.4603
68,Night Stalker,-6,568,0.4261
68,Night Stalker,-7,319,0.4295
68,Night Stalker,-8,173,0.4104
68,Night Stalker,-9,90,0.3889
68,Night Stalker,-10,42,0.3333
69,Nyx Assassin,+5,294,0.5136
69,Nyx Assassin,+6,178,0.5337
69,Nyx Assassin,+7,93,0.4946
69,Nyx Assassin,+8,45,0.4444
69,Nyx Assassin,+9,22,0.5000
69,Nyx Assassin,+10,7,0.4286
69,Nyx Assassin,-5,374,0.4759
69,Nyx Assassin,-6,106,0.5000
69,Nyx Assassin,-7,25,0.6000
69,Nyx Assassin,-8,7,1.0000
69,Nyx Assassin,-9,0,0.0000
69,Nyx Assassin,-10,0,0.0000
70,Ogre Magi,+5,74,0.5541
70,Ogre Magi,+6,8,0.6250
70,Ogre Magi,+7,0,0.0000
70,Ogre Magi,+8,0,0.0000
70,Ogre Magi,+9,0,0.0000
70,Ogre Magi,+10,0,0.0000
70,Ogre Magi,-5,68,0.5000
70,Ogre Magi,-6,24,0.5417
70,Ogre Magi,-7,9,0.6667
70,Ogre Magi,-8,1,1.0000
70,Ogre Magi,-9,0,0.0000
70,Ogre Magi,-10,0,0.0000
71,Omniknight,+5,157,0.5096
71,Omniknight,+6,97,0.5052
71,Omniknight,+7,59,0.5424
71,Omniknight,+8,33,0.5758
71,Omniknight,+9,20,0.6500
71,Omniknight,+10,13,0.6923
71,Omniknight,-5,215,0.4465
71,Omniknight,-6,121,0.4132
71,Omniknight,-7,60,0.3833
71,Omniknight,-8,21,0.3810
71,Omniknight,-9,9,0.6667
71,Omniknight,-10,1,0.0000
72,Oracle,+5,161,0.6273
72,Oracle,+6,74,0.7162
72,Oracle,+7,40,0.6500
72,Oracle,+8,15,0.6667
72,Oracle,+9,3,0.3333
72,Oracle,+10,0,0.0000
72,Oracle,-5,206,0.5049
72,Oracle,-6,105,0.4667
72,Oracle,-7,43,0.4419
72,Oracle,-8,18,0.4444
72,Oracle,-9,7,0.5714
72,Oracle,-10,3,0.6667
73,Outworld Destroyer,+5,0,0.0000
73,Outworld Destroyer,+6,0,0.0000
73,Outworld Destroyer,+7,0,0.0000
73,Outworld Destroyer,+8,0,0.0000
73,Outworld Destroyer,+9,0,0.0000
73,Outworld Destroyer,+10,0,0.0000
73,Outworld Destroyer,-5,0,0.0000
73,Outworld Destroyer,-6,0,0.0000
73,Outworld Destroyer,-7,0,0.0000
73,Outworld Destroyer,-8,0,0.0000
73,Outworld Destroyer,-9,0,0.0000
73,Outworld Destroyer,-10,0,0.0000
74,Pangolier,+5,1352,0.5533
74,Pangolier,+6,681,0.5477
74,Pangolier,+7,323,0.5418
74,Pangolier,+8,115,0.5826
74,Pangolier,+9,38,0.5789
74,Pangolier,+10,20,0.6000
74,Pangolier,-5,523,0.4512
74,Pangolier,-6,219,0.5114
74,Pangolier,-7,117,0.5128
74,Pangolier,-8,54,0.3889
74,Pangolier,-9,20,0.5500
74,Pangolier,-10,6,0.5000
75,Phantom Assassin,+5,368,0.4511
75,Phantom Assassin,+6,164,0.4390
75,Phantom Assassin,+7,63,0.4444
75,Phantom Assassin,+8,21,0.6190
75,Phantom Assassin,+9,7,0.5714
75,Phantom Assassin,+10,3,0.3333
75,Phantom Assassin,-5,146,0.4863
75,Phantom Assassin,-6,36,0.5556
75,Phantom Assassin,-7,7,0.8571
75,Phantom Assassin,-8,2,1.0000
75,Phantom Assassin,-9,0,0.0000
75,Phantom Assassin,-10,0,0.0000
76,Phantom Lancer,+5,510,0.4863
76,Phantom Lancer,+6,385,0.5065
76,Phantom Lancer,+7,282,0.5213
76,Phantom Lancer,+8,199,0.5176
76,Phantom Lancer,+9,137,0.5693
76,Phantom Lancer,+10,89,0.6404
76,Phantom Lancer,-5,494,0.4312
76,Phantom Lancer,-6,397,0.4383
76,Phantom Lancer,-7,299,0.4381
76,Phantom Lancer,-8,229,0.4105
76,Phantom Lancer,-9,173,0.4277
76,Phantom Lancer,-10,119,0.4454
77,Phoenix,+5,592,0.5101
77,Phoenix,+6,262,0.4847
77,Phoenix,+7,107,0.4579
77,Phoenix,+8,32,0.4375
77,Phoenix,+9,12,0.5000
77,Phoenix,+10,2,0.5000
77,Phoenix,-5,193,0.4404
77,Phoenix,-6,85,0.4235
77,Phoenix,-7,28,0.5357
77,Phoenix,-8,13,0.6154
77,Phoenix,-9,4,0.7500
77,Phoenix,-10,2,1.0000
78,Primal Beast,+5,545,0.5248
78,Primal Beast,+6,217,0.5484
78,Primal Beast,+7,81,0.5556
78,Primal Beast,+8,28,0.6071
78,Primal Beast,+9,4,0.5000
78,Primal Beast,+10,0,0.0000
78,Primal Beast,-5,69,0.4493
78,Primal Beast,-6,16,0.5000
78,Primal Beast,-7,6,0.8333
78,Primal Beast,-8,2,0.5000
78,Primal Beast,-9,0,0.0000
78,Primal Beast,-10,0,0.0000
79,Puck,+5,539,0.5807
79,Puck,+6,238,0.6176
79,Puck,+7,104,0.6346
79,Puck,+8,30,0.3667
79,Puck,+9,7,0.5714
79,Puck,+10,1,0.0000
79,Puck,-5,1072,0.4739
79,Puck,-6,577,0.4593
79,Puck,-7,308,0.4675
79,Puck,-8,142,0.4155
79,Puck,-9,48,0.4583
79,Puck,-10,14,0.4286
80,Pudge,+5,356,0.4831
80,Pudge,+6,149,0.4765
80,Pudge,+7,42,0.4762
80,Pudge,+8,14,0.4286
80,Pudge,+9,5,0.4000
80,Pudge,+10,0,0.0000
80,Pudge,-5,442,0.4480
80,Pudge,-6,161,0.4783
80,Pudge,-7,49,0.4490
80,Pudge,-8,10,0.3000
80,Pudge,-9,0,0.0000
80,Pudge,-10,0,0.0000
81,Pugna,+5,542,0.5664
81,Pugna,+6,273,0.5568
81,Pugna,+7,123,0.5285
81,Pugna,+8,57,0.5263
81,Pugna,+9,11,0.2727
81,Pugna,+10,4,0.0000
81,Pugna,-5,108,0.4815
81,Pugna,-6,33,0.5758
81,Pugna,-7,6,0.8333
81,Pugna,-8,1,1.0000
81,Pugna,-9,0,0.0000
81,Pugna,-10,0,0.0000
82,Queen Of Pain,+5,929,0.5296
82,Queen Of Pain,+6,473,0.5476
82,Queen Of Pain,+7,202,0.5792
82,Queen Of Pain,+8,83,0.6386
82,Queen Of Pain,+9,36,0.6111
82,Queen Of Pain,+10,13,0.5385
82,Queen Of Pain,-5,358,0.4609
82,Queen Of Pain,-6,160,0.4813
82,Queen Of Pain,-7,78,0.5000
82,Queen Of Pain,-8,31,0.4516
82,Queen Of Pain,-9,6,0.3333
82,Queen Of Pain,-10,1,0.0000
83,Razor,+5,373,0.5550
83,Razor,+6,181,0.5470
83,Razor,+7,58,0.6552
83,Razor,+8,19,0.6316
83,Razor,+9,8,0.7500
83,Razor,+10,1,1.0000
83,Razor,-5,795,0.4101
83,Razor,-6,485,0.3773
83,Razor,-7,292,0.3904
83,Razor,-8,174,0.3908
83,Razor,-9,93,0.3978
83,Razor,-10,49,0.3673
84,Riki,+5,132,0.5303
84,Riki,+6,58,0.5517
84,Riki,+7,24,0.6250
84,Riki,+8,11,0.5455
84,Riki,+9,3,0.3333
84,Riki,+10,0,0.0000
84,Riki,-5,165,0.4545
84,Riki,-6,75,0.4533
84,Riki,-7,31,0.5484
84,Riki,-8,9,0.5556
84,Riki,-9,2,1.0000
84,Riki,-10,0,0.0000
85,Ringmaster,+5,56,0.6607
85,Ringmaster,+6,11,0.9091
85,Ringmaster,+7,3,0.6667
85,Ringmaster,+8,0,0.0000
85,Ringmaster,+9,0,0.0000
85,Ringmaster,+10,0,0.0000
85,Ringmaster,-5,1,0.0000
85,Ringmaster,-6,0,0.0000
85,Ringmaster,-7,0,0.0000
85,Ringmaster,-8,0,0.0000
85,Ringmaster,-9,0,0.0000
85,Ringmaster,-10,0,0.0000
86,Rubick,+5,1618,0.5420
86,Rubick,+6,849,0.5689
86,Rubick,+7,403,0.5906
86,Rubick,+8,200,0.5750
86,Rubick,+9,82,0.5976
86,Rubick,+10,30,0.7000
86,Rubick,-5,619,0.4879
86,Rubick,-6,208,0.5144
86,Rubick,-7,72,0.5556
86,Rubick,-8,13,0.6154
86,Rubick,-9,0,0.0000
86,Rubick,-10,0,0.0000
87,Sand King,+5,911,0.5302
87,Sand King,+6,606,0.5347
87,Sand King,+7,379,0.5435
87,Sand King,+8,220,0.5409
87,Sand King,+9,127,0.5433
87,Sand King,+10,69,0.5652
87,Sand King,-5,331,0.4924
87,Sand King,-6,125,0.4240
87,Sand King,-7,48,0.4375
87,Sand King,-8,25,0.4400
87,Sand King,-9,11,0.4545
87,Sand King,-10,6,0.3333
88,Shadow Demon,+5,648,0.5015
88,Shadow Demon,+6,352,0.4915
88,Shadow Demon,+7,179,0.5140
88,Shadow Demon,+8,68,0.5588
88,Shadow Demon,+9,24,0.7083
88,Shadow Demon,+10,8,0.8750
88,Shadow Demon,-5,65,0.5077
88,Shadow Demon,-6,18,0.4444
88,Shadow Demon,-7,5,0.4000
88,Shadow Demon,-8,1,1.0000
88,Shadow Demon,-9,0,0.0000
88,Shadow Demon,-10,0,0.0000
89,Shadow Fiend,+5,122,0.6230
89,Shadow Fiend,+6,49,0.6531
89,Shadow Fiend,+7,19,0.6842
89,Shadow Fiend,+8,8,0.7500
89,Shadow Fiend,+9,1,1.0000
89,Shadow Fiend,+10,0,0.0000
89,Shadow Fiend,-5,25,0.4400
89,Shadow Fiend,-6,3,0.3333
89,Shadow Fiend,-7,0,0.0000
89,Shadow Fiend,-8,0,0.0000
89,Shadow Fiend,-9,0,0.0000
89,Shadow Fiend,-10,0,0.0000
90,Shadow Shaman,+5,38,0.4737
90,Shadow Shaman,+6,8,0.5000
90,Shadow Shaman,+7,0,0.0000
90,Shadow Shaman,+8,0,0.0000
90,Shadow Shaman,+9,0,0.0000
90,Shadow Shaman,+10,0,0.0000
90,Shadow Shaman,-5,123,0.4878
90,Shadow Shaman,-6,33,0.3636
90,Shadow Shaman,-7,6,0.6667
90,Shadow Shaman,-8,1,1.0000
90,Shadow Shaman,-9,0,0.0000
90,Shadow Shaman,-10,0,0.0000
91,Silencer,+5,110,0.4727
91,Silencer,+6,41,0.5610
91,Silencer,+7,11,0.5455
91,Silencer,+8,2,1.0000
91,Silencer,+9,0,0.0000
91,Silencer,+10,0,0.0000
91,Silencer,-5,357,0.4342
91,Silencer,-6,165,0.4303
91,Silencer,-7,63,0.3333
91,Silencer,-8,24,0.2917
91,Silencer,-9,5,0.4000
91,Silencer,-10,3,0.3333
92,Skywrath Mage,+5,198,0.5253
92,Skywrath Mage,+6,83,0.4940
92,Skywrath Mage,+7,30,0.6000
92,Skywrath Mage,+8,12,0.5833
92,Skywrath Mage,+9,7,0.7143
92,Skywrath Mage,+10,2,1.0000
92,Skywrath Mage,-5,487,0.3860
92,Skywrath Mage,-6,178,0.3820
92,Skywrath Mage,-7,68,0.3676
92,Skywrath Mage,-8,14,0.2143
92,Skywrath Mage,-9,1,0.0000
92,Skywrath Mage,-10,0,0.0000
93,Slardar,+5,123,0.5854
93,Slardar,+6,47,0.6170
93,Slardar,+7,19,0.6842
93,Slardar,+8,8,1.0000
93,Slardar,+9,1,1.0000
93,Slardar,+10,0,0.0000
93,Slardar,-5,647,0.4900
93,Slardar,-6,397,0.5239
93,Slardar,-7,231,0.5758
93,Slardar,-8,119,0.5546
93,Slardar,-9,62,0.6290
93,Slardar,-10,25,0.7200
94,Slark,+5,952,0.5788
94,Slark,+6,637,0.6013
94,Slark,+7,425,0.6047
94,Slark,+8,267,0.6030
94,Slark,+9,158,0.6582
94,Slark,+10,74,0.6216
94,Slark,-5,578,0.4567
94,Slark,-6,381,0.4462
94,Slark,-7,241,0.4274
94,Slark,-8,139,0.4460
94,Slark,-9,75,0.4533
94,Slark,-10,26,0.3846
95,Snapfire,+5,47,0.4894
95,Snapfire,+6,4,0.2500
95,Snapfire,+7,1,0.0000
95,Snapfire,+8,0,0.0000
95,Snapfire,+9,0,0.0000
95,Snapfire,+10,0,0.0000
95,Snapfire,-5,26,0.3462
95,Snapfire,-6,1,0.0000
95,Snapfire,-7,0,0.0000
95,Snapfire,-8,0,0.0000
95,Snapfire,-9,0,0.0000
95,Snapfire,-10,0,0.0000
96,Sniper,+5,217,0.5484
96,Sniper,+6,91,0.6264
96,Sniper,+7,27,0.6296
96,Sniper,+8,9,0.4444
96,Sniper,+9,1,1.0000
96,Sniper,+10,0,0.0000
96,Sniper,-5,228,0.4912
96,Sniper,-6,112,0.5000
96,Sniper,-7,39,0.4872
96,Sniper,-8,13,0.3846
96,Sniper,-9,5,0.4000
96,Sniper,-10,0,0.0000
97,Spectre,+5,89,0.5506
97,Spectre,+6,38,0.4211
97,Spectre,+7,12,0.8333
97,Spectre,+8,0,0.0000
97,Spectre,+9,0,0.0000
97,Spectre,+10,0,0.0000
97,Spectre,-5,226,0.3805
97,Spectre,-6,106,0.3302
97,Spectre,-7,53,0.3019
97,Spectre,-8,23,0.3478
97,Spectre,-9,6,0.3333
97,Spectre,-10,2,0.0000
98,Spirit Breaker,+5,94,0.5000
98,Spirit Breaker,+6,36,0.6944
98,Spirit Breaker,+7,14,0.7857
98,Spirit Breaker,+8,5,0.8000
98,Spirit Breaker,+9,1,1.0000
98,Spirit Breaker,+10,0,0.0000
98,Spirit Breaker,-5,304,0.4638
98,Spirit Breaker,-6,108,0.4630
98,Spirit Breaker,-7,29,0.4483
98,Spirit Breaker,-8,9,0.4444
98,Spirit Breaker,-9,2,1.0000
98,Spirit Breaker,-10,1,1.0000
99,Storm Spirit,+5,703,0.5633
99,Storm Spirit,+6,278,0.5360
99,Storm Spirit,+7,112,0.6161
99,Storm Spirit,+8,26,0.5769
99,Storm Spirit,+9,7,0.4286
99,Storm Spirit,+10,0,0.0000
99,Storm Spirit,-5,281,0.4840
99,Storm Spirit,-6,135,0.5037
99,Storm Spirit,-7,51,0.3529
99,Storm Spirit,-8,10,0.3000
99,Storm Spirit,-9,3,0.0000
99,Storm Spirit,-10,2,0.0000
100,Sven,+5,501,0.5170
100,Sven,+6,321,0.5140
100,Sven,+7,186,0.5215
100,Sven,+8,87,0.5172
100,Sven,+9,50,0.4800
100,Sven,+10,28,0.5000
100,Sven,-5,373,0.5335
100,Sven,-6,208,0.5048
100,Sven,-7,107,0.5607
100,Sven,-8,40,0.5000
100,Sven,-9,19,0.4211
100,Sven,-10,10,0.2000
101,Techies,+5,249,0.4378
101,Techies,+6,66,0.4848
101,Techies,+7,16,0.4375
101,Techies,+8,0,0.0000
101,Techies,+9,0,0.0000
101,Techies,+10,0,0.0000
101,Techies,-5,66,0.3636
101,Techies,-6,15,0.4000
101,Techies,-7,2,0.5000
101,Techies,-8,1,0.0000
101,Techies,-9,0,0.0000
101,Techies,-10,0,0.0000
102,Templar Assassin,+5,1072,0.5373
102,Templar Assassin,+6,599,0.5242
102,Templar Assassin,+7,322,0.5248
102,Templar Assassin,+8,160,0.5188
102,Templar Assassin,+9,73,0.5342
102,Templar Assassin,+10,27,0.4444
102,Templar Assassin,-5,1527,0.4859
102,Templar Assassin,-6,988,0.4767
102,Templar Assassin,-7,603,0.4743
102,Templar Assassin,-8,336,0.4702
102,Templar Assassin,-9,182,0.4451
102,Templar Assassin,-10,101,0.3762
103,Terrorblade,+5,1922,0.5333
103,Terrorblade,+6,1257,0.5314
103,Terrorblade,+7,786,0.5433
103,Terrorblade,+8,466,0.5665
103,Terrorblade,+9,243,0.6214
103,Terrorblade,+10,121,0.6446
103,Terrorblade,-5,432,0.4653
103,Terrorblade,-6,243,0.4527
103,Terrorblade,-7,131,0.4580
103,Terrorblade,-8,69,0.4348
103,Terrorblade,-9,35,0.3714
103,Terrorblade,-10,14,0.2143
104,Tidehunter,+5,709,0.5303
104,Tidehunter,+6,414,0.5531
104,Tidehunter,+7,216,0.5370
104,Tidehunter,+8,107,0.5234
104,Tidehunter,+9,40,0.5000
104,Tidehunter,+10,14,0.5000
104,Tidehunter,-5,249,0.4659
104,Tidehunter,-6,111,0.4595
104,Tidehunter,-7,50,0.3400
104,Tidehunter,-8,20,0.2500
104,Tidehunter,-9,5,0.6000
104,Tidehunter,-10,0,0.0000
105,Timbersaw,+5,1146,0.5305
105,Timbersaw,+6,634,0.5457
105,Timbersaw,+7,335,0.5612
105,Timbersaw,+8,145,0.5034
105,Timbersaw,+9,67,0.5522
105,Timbersaw,+10,28,0.5714
105,Timbersaw,-5,799,0.4330
105,Timbersaw,-6,471,0.4331
105,Timbersaw,-7,245,0.4367
105,Timbersaw,-8,133,0.4436
105,Timbersaw,-9,71,0.4085
105,Timbersaw,-10,33,0.3030
106,Tinker,+5,404,0.4356
106,Tinker,+6,202,0.4455
106,Tinker,+7,93,0.4516
106,Tinker,+8,38,0.4737
106,Tinker,+9,13,0.3077
106,Tinker,+10,2,0.5000
106,Tinker,-5,1,1.0000
106,Tinker,-6,0,0.0000
106,Tinker,-7,0,0.0000
106,Tinker,-8,0,0.0000
106,Tinker,-9,0,0.0000
106,Tinker,-10,0,0.0000
107,Tiny,+5,862,0.5394
107,Tiny,+6,288,0.5069
107,Tiny,+7,82,0.5610
107,Tiny,+8,16,0.8125
107,Tiny,+9,1,0.0000
107,Tiny,+10,0,0.0000
107,Tiny,-5,37,0.5405
107,Tiny,-6,10,0.5000
107,Tiny,-7,4,0.5000
107,Tiny,-8,0,0.0000
107,Tiny,-9,0,0.0000
107,Tiny,-10,0,0.0000
108,Treant Protector,+5,146,0.5000
108,Treant Protector,+6,37,0.6486
108,Treant Protector,+7,12,1.0000
108,Treant Protector,+8,3,1.0000
108,Treant Protector,+9,0,0.0000
108,Treant Protector,+10,0,0.0000
108,Treant Protector,-5,489,0.5051
108,Treant Protector,-6,319,0.4984
108,Treant Protector,-7,190,0.5053
108,Treant Protector,-8,111,0.5135
108,Treant Protector,-9,59,0.4576
108,Treant Protector,-10,30,0.5000
109,Troll Warlord,+5,405,0.5309
109,Troll Warlord,+6,211,0.5450
109,Troll Warlord,+7,106,0.6038
109,Troll Warlord,+8,58,0.6034
109,Troll Warlord,+9,28,0.4643
109,Troll Warlord,+10,4,0.7500
109,Troll Warlord,-5,397,0.4534
109,Troll Warlord,-6,221,0.4253
109,Troll Warlord,-7,102,0.4020
109,Troll Warlord,-8,45,0.4222
109,Troll Warlord,-9,19,0.3158
109,Troll Warlord,-10,6,0.6667
110,Tusk,+5,254,0.5472
110,Tusk,+6,95,0.5789
110,Tusk,+7,35,0.6857
110,Tusk,+8,10,0.4000
110,Tusk,+9,2,0.0000
110,Tusk,+10,0,0.0000
110,Tusk,-5,570,0.4035
110,Tusk,-6,244,0.4016
110,Tusk,-7,109,0.3945
110,Tusk,-8,40,0.3500
110,Tusk,-9,17,0.2941
110,Tusk,-10,4,0.2500
111,Underlord,+5,623,0.5361
111,Underlord,+6,404,0.5545
111,Underlord,+7,205,0.5902
111,Underlord,+8,99,0.5657
111,Underlord,+9,45,0.5556
111,Underlord,+10,15,0.4667
111,Underlord,-5,95,0.4421
111,Underlord,-6,49,0.3878
111,Underlord,-7,25,0.4800
111,Underlord,-8,8,0.5000
111,Underlord,-9,1,1.0000
111,Underlord,-10,0,0.0000
112,Undying,+5,743,0.5330
112,Undying,+6,407,0.5160
112,Undying,+7,208,0.5048
112,Undying,+8,91,0.4835
112,Undying,+9,40,0.5000
112,Undying,+10,14,0.5714
112,Undying,-5,386,0.4845
112,Undying,-6,188,0.4681
112,Undying,-7,66,0.5152
112,Undying,-8,21,0.5714
112,Undying,-9,7,0.5714
112,Undying,-10,4,0.5000
113,Ursa,+5,246,0.5488
113,Ursa,+6,106,0.5566
113,Ursa,+7,38,0.5526
113,Ursa,+8,11,0.6364
113,Ursa,+9,4,1.0000
113,Ursa,+10,2,1.0000
113,Ursa,-5,492,0.4472
113,Ursa,-6,243,0.4691
113,Ursa,-7,104,0.4808
113,Ursa,-8,51,0.5882
113,Ursa,-9,11,0.5455
113,Ursa,-10,4,0.5000
114,Vengeful Spirit,+5,0,0.0000
114,Vengeful Spirit,+6,0,0.0000
114,Vengeful Spirit,+7,0,0.0000
114,Vengeful Spirit,+8,0,0.0000
114,Vengeful Spirit,+9,0,0.0000
114,Vengeful Spirit,+10,0,0.0000
114,Vengeful Spirit,-5,504,0.4663
114,Vengeful Spirit,-6,204,0.4510
114,Vengeful Spirit,-7,65,0.4308
114,Vengeful Spirit,-8,18,0.3889
114,Vengeful Spirit,-9,2,0.0000
114,Vengeful Spirit,-10,1,0.0000
115,Venomancer,+5,127,0.6142
115,Venomancer,+6,41,0.6585
115,Venomancer,+7,8,0.6250
115,Venomancer,+8,0,0.0000
115,Venomancer,+9,0,0.0000
115,Venomancer,+10,0,0.0000
115,Venomancer,-5,92,0.4891
115,Venomancer,-6,32,0.5313
115,Venomancer,-7,11,0.5455
115,Venomancer,-8,2,0.5000
115,Venomancer,-9,0,0.0000
115,Venomancer,-10,0,0.0000
116,Viper,+5,475,0.5642
116,Viper,+6,254,0.5591
116,Viper,+7,128,0.5938
116,Viper,+8,73,0.7123
116,Viper,+9,37,0.7838
116,Viper,+10,18,0.8333
116,Viper,-5,379,0.4248
116,Viper,-6,226,0.3982
116,Viper,-7,130,0.3846
116,Viper,-8,77,0.3766
116,Viper,-9,49,0.4694
116,Viper,-10,29,0.4828
117,Visage,+5,97,0.6186
117,Visage,+6,44,0.6818
117,Visage,+7,16,0.8125
117,Visage,+8,10,0.8000
117,Visage,+9,2,0.0000
117,Visage,+10,0,0.0000
117,Visage,-5,607,0.5387
117,Visage,-6,365,0.5370
117,Visage,-7,191,0.5183
117,Visage,-8,103,0.5728
117,Visage,-9,48,0.6250
117,Visage,-10,25,0.8000
118,Void Spirit,+5,84,0.5000
118,Void Spirit,+6,23,0.5217
118,Void Spirit,+7,5,0.2000
118,Void Spirit,+8,2,0.0000
118,Void Spirit,+9,0,0.0000
118,Void Spirit,+10,0,0.0000
118,Void Spirit,-5,501,0.4671
118,Void Spirit,-6,224,0.4375
118,Void Spirit,-7,75,0.4000
118,Void Spirit,-8,35,0.4000
118,Void Spirit,-9,13,0.3846
118,Void Spirit,-10,3,0.6667
119,Warlock,+5,290,0.5241
119,Warlock,+6,155,0.4645
119,Warlock,+7,71,0.4789
119,Warlock,+8,33,0.3939
119,Warlock,+9,16,0.3750
119,Warlock,+10,10,0.4000
119,Warlock,-5,163,0.4356
119,Warlock,-6,56,0.3929
119,Warlock,-7,19,0.3684
119,Warlock,-8,4,0.5000
119,Warlock,-9,0,0.0000
119,Warlock,-10,0,0.0000
120,Weaver,+5,743,0.5101
120,Weaver,+6,399,0.5213
120,Weaver,+7,162,0.4753
120,Weaver,+8,66,0.3485
120,Weaver,+9,25,0.2400
120,Weaver,+10,4,0.2500
120,Weaver,-5,288,0.4167
120,Weaver,-6,155,0.3806
120,Weaver,-7,68,0.3824
120,Weaver,-8,23,0.4348
120,Weaver,-9,10,0.3000
120,Weaver,-10,2,0.0000
121,Windranger,+5,274,0.5073
121,Windranger,+6,112,0.5357
121,Windranger,+7,39,0.5897
121,Windranger,+8,10,0.2000
121,Windranger,+9,4,0.0000
121,Windranger,+10,2,0.0000
121,Windranger,-5,119,0.4454
121,Windranger,-6,19,0.5263
121,Windranger,-7,0,0.0000
121,Windranger,-8,0,0.0000
121,Windranger,-9,0,0.0000
121,Windranger,-10,0,0.0000
122,Winter Wyvern,+5,250,0.4520
122,Winter Wyvern,+6,135,0.4741
122,Winter Wyvern,+7,77,0.4286
122,Winter Wyvern,+8,44,0.3864
122,Winter Wyvern,+9,18,0.3333
122,Winter Wyvern,+10,12,0.3333
122,Winter Wyvern,-5,254,0.4213
122,Winter Wyvern,-6,106,0.4434
122,Winter Wyvern,-7,45,0.4222
122,Winter Wyvern,-8,14,0.5000
122,Winter Wyvern,-9,0,0.0000
122,Winter Wyvern,-10,0,0.0000
123,Witch Doctor,+5,80,0.5375
123,Witch Doctor,+6,31,0.5161
123,Witch Doctor,+7,6,0.5000
123,Witch Doctor,+8,0,0.0000
123,Witch Doctor,+9,0,0.0000
123,Witch Doctor,+10,0,0.0000
123,Witch Doctor,-5,42,0.3810
123,Witch Doctor,-6,10,0.3000
123,Witch Doctor,-7,4,0.2500
123,Witch Doctor,-8,0,0.0000
123,Witch Doctor,-9,0,0.0000
123,Witch Doctor,-10,0,0.0000
124,Wraith King,+5,208,0.6058
124,Wraith King,+6,87,0.5632
124,Wraith King,+7,29,0.5172
124,Wraith King,+8,7,0.5714
124,Wraith King,+9,1,0.0000
124,Wraith King,+10,1,0.0000
124,Wraith King,-5,958,0.4499
124,Wraith King,-6,647,0.4467
124,Wraith King,-7,397,0.4509
124,Wraith King,-8,258,0.4845
124,Wraith King,-9,157,0.4841
124,Wraith King,-10,96,0.4375
125,Zeus,+5,60,0.4500
125,Zeus,+6,11,0.2727
125,Zeus,+7,0,0.0000
125,Zeus,+8,0,0.0000
125,Zeus,+9,0,0.0000
125,Zeus,+10,0,0.0000
125,Zeus,-5,218,0.3899
125,Zeus,-6,71,0.3099
125,Zeus,-7,13,0.3077
125,Zeus,-8,5,0.2000
125,Zeus,-9,2,0.0000
125,Zeus,-10,1,0.0000
